[
    {
      "id": 4321929,
      "name": "Delhi",
      "country": "US",
      "coord": {
        "lon": -91.493172,
        "lat": 32.457642
      }
    },
    {
      "id": 1275339,
      "name": "Mumbai",
      "country": "IN",
      "coord": {
        "lon": 72.847939,
        "lat": 19.01441
      }
    },
    {
      "id": 1269843,
      "name": "Hyderabad",
      "country": "IN",
      "coord": {
        "lon": 78.474442,
        "lat": 17.37528
      }
    },
    {
      "id": 1277333,
      "name": "Bangalore",
      "country": "IN",
      "coord": {
        "lon": 77.603287,
        "lat": 12.97623
      }
    },
    {
      "id": 1264527,
      "name": "Chennai",
      "country": "IN",
      "coord": {
        "lon": 80.278473,
        "lat": 13.08784
      }
    }
]
